Имя,Тип,Артикул,Опубликован,Видимость в каталоге,Наличие,Категории,Название атрибута 4,Значения атрибутов 4,Название атрибута 12,Значения атрибутов 12,Название атрибута 23,Значения атрибутов 23,Название атрибута 3,Значения атрибутов 3,Название атрибута 1,Значения атрибутов 1,Название атрибута 2,Значения атрибутов 2,Название атрибута 5,Значения атрибутов 5,Название атрибута 6,Значения атрибутов 6,Название атрибута 7,Значения атрибутов 7,Название атрибута 9,Значения атрибутов 9,Название атрибута 10,Значения атрибутов 10,Название атрибута 11,Значения атрибутов 11,Название атрибута 13,Значения атрибутов 13,Название атрибута 14,Значения атрибутов 14,Название атрибута 15,Значения атрибутов 15,Название атрибута 16,Значения атрибутов 16,Название атрибута 17,Значения атрибутов 17,Название атрибута 18,Значения атрибутов 18,Название атрибута 19,Значения атрибутов 19,Название атрибута 20,Значения атрибутов 20,Название атрибута 21,Значения атрибутов 21,Название атрибута 22,Значения атрибутов 22,Название атрибута 24,Значения атрибутов 24,Название атрибута 25,Значения атрибутов 25,Название атрибута 26,Значения атрибутов 26
Dino Lift 180 XT,simple,15,1,visible,1,"Misc, Прицепные, Коленчатые, Электрические",Вид подъемника,Прицепной,Рабочая высота,18 м,Тип двигателя,Электрический,Вес,2315 кг,Аккумуляторы,,Бренд,DinoLift,Внешний радиус поворота,,Внутренний радиус поворота,,Вращение,360°,Горизонтальный вылет,10.9 м,Высота техники,"2,3 м",Высота подъема платформы,16 м,Объем бака гидравлической жидкости,,Грузоподъемность,215 кг,Двигатель,Electric motor 110/230 VAC,Длина,"6,66 м",Дорожный просвет,23 см,Колесная база,,Преодолеваемый подъем,25%,Габариты платформы,0.7 х 1.3 м,Скорость,,Страна,Финляндия,Объем топливного бака,,Шины,Дорожные,Ширина,"1,95 м"
Genie Z33/18,simple,20,1,visible,1,"Misc, Коленчатые, Электрические, Самоходные",Вид подъемника,Коленчатый,Рабочая высота,12 м,Тип двигателя,Электрический,Вес,3665 кг,Аккумуляторы,,Бренд,Genie,Внешний радиус поворота,3.07 м,Внутренний радиус поворота,1.9 м,Вращение,"400°, платформа на 180",Горизонтальный вылет,"5,57 м",Высота техники,1.98 м,Высота подъема платформы,10 м,Объем бака гидравлической жидкости,20.8 л,Грузоподъемность,200 кг,Двигатель,48 В пост. тока (восемь аккумуляторных батарей 6 В емкостью 315 А/ч),Длина,"4,17 м",Дорожный просвет,"15,2 см",Колесная база,"1,9 м",Преодолеваемый подъем,30%,Габариты платформы,"0,76 x 1,17 м",Скорость,6 км/ч,Страна,США,Объем топливного бака,нет,Шины,"сплошные, не оставляющие следов 56x23x44 см",Ширина,"1,5 м"
Genie Z-45/25 RT,simple,17,1,visible,1,"Misc, Коленчатые, Дизельные, Самоходные",Вид подъемника,Коленчатый,Рабочая высота,"15,86 м",Тип двигателя,Дизельный,Вес,6415 кг,Аккумуляторы,,Бренд,Genie,Внешний радиус поворота,"4,5 м",Внутренний радиус поворота,"1,68 м",Вращение,"180° платформа, непрерывный круг 355",Горизонтальный вылет,7.52 м,Высота техники,2 м,Высота подъема платформы,"13,86 м",Объем бака гидравлической жидкости,83 л,Грузоподъемность,227 кг,Двигатель,"Deutz D2011L03i 3-цилиндровый дизельный 35,8 кВт (48 л.с.)",Длина,"6,55 м",Дорожный просвет,"0,37 м",Колесная база,"2,03 м",Преодолеваемый подъем,30%,Габариты платформы,"0,76 м Х 1,83 м",Скорость,4.8 км/ч,Страна,США,Объем топливного бака,"64,4 л",Шины,135/55 D20,Ширина,"1,83 м"
Genie Z-45/25J DC,simple,18,1,visible,1,"Misc, Коленчатые, Электрические, Самоходные",Вид подъемника,Коленчатый,Рабочая высота,"15,94 м",Тип двигателя,Электрический,Вес,7394 кг,Аккумуляторы,"8 аккумуляторных батарей 6 В емкостью 350 А/ч) B, пост. тока",Бренд,Genie,Внешний радиус поворота,"4,3 м",Внутренний радиус поворота,"1,8 м",Вращение,"160°, непрерывный круг 355",Горизонтальный вылет,7.65 м,Высота техники,2 м,Высота подъема платформы,"13,94 м",Объем бака гидравлической жидкости,,Грузоподъемность,227 кг,Двигатель,"Модель DC - восемь аккумуляторных батарей 6 В емкостью 350 А/ч) B, пост. тока
Модель Bi-Energy - (восемь аккумуляторных батарей 6 В емкостью 350 А/ч), 48 В пост. тока и дизельный двигатель Kubota 9,9 кВт, Л/С.",Длина,"6,83 м",Дорожный просвет,"0,24 м",Колесная база,"2,03 м",Преодолеваемый подъем,30%,Габариты платформы,"0,76 м Х 1,83 м",Скорость,4.8 км/ч,Страна,США,Объем топливного бака,"64,4 л",Шины,23 x 37 см пенозаполненные,Ширина,"1,83 м"
Genie Z-51/30J RT,simple,19,1,visible,1,"Misc, Коленчатые, Дизельные, Самоходные",Вид подъемника,Коленчатый,Рабочая высота,"17,59 м",Тип двигателя,Дизельный,Вес,7213 кг,Аккумуляторы,,Бренд,Genie,Внешний радиус поворота,"4,5 м",Внутренний радиус поворота,"1,7 м",Вращение,160°,Горизонтальный вылет,9.37 м,Высота техники,2 м,Высота подъема платформы,"15,59 м",Объем бака гидравлической жидкости,"90,9 л",Грузоподъемность,227 кг,Двигатель,"дизельный -  3-цилиндровый дизель Deutz D2011L03i

Мощностью 35,8 кВт, Л/С",Длина,"7,58 м",Дорожный просвет,"0,39 м",Колесная база,"2,03 м",Преодолеваемый подъем,45%,Габариты платформы,"0,76 м Х 1,83 м",Скорость,4.8 км/ч,Страна,США,Объем топливного бака,"64,4 л",Шины,135/55 D625 пенозаполненные,Ширина,"2,29 м"
Haulotte HA 12IP,simple,31,1,visible,1,"Misc, Коленчатые, Электрические, Самоходные",Вид подъемника,Коленчатый,Рабочая высота,12 м,Тип двигателя,Электрический,Вес,5900 кг,Аккумуляторы,48В 360 Ah,Бренд,Haulotte,Внешний радиус поворота,"2,4 м",Внутренний радиус поворота,2 м,Вращение,"180°, непрерывный круг 359",Горизонтальный вылет,6.50 м,Высота техники,2.06 м,Высота подъема платформы,10 м,Объем бака гидравлической жидкости,30 л,Грузоподъемность,230 кг,Двигатель,48 V - 345 Ah (C5),Длина,"5,5 м",Дорожный просвет,16 см,Колесная база,"1,8 м",Преодолеваемый подъем,45%,Габариты платформы,"1,2 x 0,8 м",Скорость,0.7 - 4.5 км/ч,Страна,Франция,Объем топливного бака,,Шины,10-16.5 с пенным наполнением,Ширина,"1,35 м"
Haulotte H15SX,simple,29,1,visible,1,"Misc, Ножничные, Электрические, Самоходные",Вид подъемника,Ножничный,Рабочая высота,15 м,Тип двигателя,Дизельный,Вес,5900 кг,Аккумуляторы,12 В - 95 А.ч. ,Бренд,Haulotte,Внешний радиус поворота,4.96 м,Внутренний радиус поворота,2 м,Вращение,170°,Горизонтальный вылет,нет,Высота техники,1.91 м,Высота подъема платформы,13 м,Объем бака гидравлической жидкости,100 л,Грузоподъемность,700 кг,Двигатель,"Hatz, 31.4 hp - 23.1 kW",Длина,"4,18 м",Дорожный просвет,35 см,Колесная база,2.75 м,Преодолеваемый подъем,45%,Габариты платформы,6 x 1.89 м,Скорость,1.6 - 6 км/ч,Страна,Франция,Объем топливного бака,65 л,Шины,10-16.5 с пенным наполнением,Ширина,"2,25 м"
Haulotte H18SX,simple,30,1,visible,1,"Misc, Ножничные, Дизельные, Самоходные",Вид подъемника,Ножничный,Рабочая высота,17 м,Тип двигателя,Дизельный,Вес,7300 кг,Аккумуляторы,,Бренд,Haulotte,Внешний радиус поворота,4.96 м,Внутренний радиус поворота,2 м,Вращение,170°,Горизонтальный вылет,нет,Высота техники,2.99 м,Высота подъема платформы,15 м,Объем бака гидравлической жидкости,100 л,Грузоподъемность,500 кг,Двигатель,Hatz 31.4 hp - 23.1 kW,Длина,"4,18 м",Дорожный просвет,35 см,Колесная база,2.75 м,Преодолеваемый подъем,45%,Габариты платформы,6 x 1.89 м,Скорость,1.6 - 6 км/ч,Страна,Франция,Объем топливного бака,65 л,Шины,10-16.5 с пенным наполнением,Ширина,"2,25 м"
Haulotte H12SX,simple,28,1,visible,1,"Misc, Ножничные, Дизельные, Самоходные",Вид подъемника,Ножничный,Рабочая высота,12 м,Тип двигателя,Дизельный,Вес,5440 кг,Аккумуляторы,,Бренд,Haulotte,Внешний радиус поворота,4.96 м,Внутренний радиус поворота,2 м,Вращение,170°,Горизонтальный вылет,нет,Высота техники,1.71 м,Высота подъема платформы,10 м,Объем бака гидравлической жидкости,100 л,Грузоподъемность,700 кг,Двигатель,Hatz 31.4 hp - 23.1 kW,Длина,"4,18 м",Дорожный просвет,35 см,Колесная база,2.75 м,Преодолеваемый подъем,45%,Габариты платформы,6 x 1.89 м,Скорость,"1,6-6,0 км/ч",Страна,Франция,Объем топливного бака,65 л,Шины,10-16.5 с пенным наполнением,Ширина,"2,25 м"
Haulotte HA 15IP,simple,32,1,visible,1,"Misc, Коленчатые, Электрические, Самоходные",Вид подъемника,Коленчатый,Рабочая высота,"14,87 м",Тип двигателя,Электрический,Вес,7300 кг,Аккумуляторы,48 V - 345 Ah (C5),Бренд,Haulotte,Внешний радиус поворота,3.95 м,Внутренний радиус поворота,2 м,Вращение,90°,Горизонтальный вылет,8.65 м,Высота техники,"1,99 м",Высота подъема платформы,"12,87 м",Объем бака гидравлической жидкости,30 л,Грузоподъемность,230 кг,Двигатель,48 V - 345 Ah (C5),Длина,"6,65 м",Дорожный просвет,14 см,Колесная база,2 м,Преодолеваемый подъем,45%,Габариты платформы,1.8 х 0.8 м,Скорость,"1,5 - 5,5 км/ч",Страна,Франция,Объем топливного бака,75 л,Шины,Внедорожные (с пенным наполнением),Ширина,"1,52 м"
Haulotte HA 18 SPX,simple,33,1,visible,1,"Misc, Коленчатые, Дизельные, Самоходные",Вид подъемника,Коленчатый,Рабочая высота,"17,3 м",Тип двигателя,Дизельный,Вес,7950 кг,Аккумуляторы,,Бренд,Haulotte,Внешний радиус поворота,4.5 м,Внутренний радиус поворота,2 м,Вращение,180°,Горизонтальный вылет,10.6 м,Высота техники,2.2 м,Высота подъема платформы,"15,3 м",Объем бака гидравлической жидкости,100 л,Грузоподъемность,230 кг,Двигатель,Deutz Diesel 31.2 kW / 42.4hp,Длина,"7,5 м",Дорожный просвет,38 см,Колесная база,2 м,Преодолеваемый подъем,45%,Габариты платформы,1.8 х 0.8 м,Скорость,"1,5 - 5,5 км/ч",Страна,Франция,Объем топливного бака,75 л,Шины,Внедорожные (с пенным наполнением),Ширина,"2,3 м"
Haulotte HA16 RTJ,simple,36,1,visible,1,"Misc, Коленчатые, Дизельные, Самоходные",Вид подъемника,Коленчатый,Рабочая высота,16 м,Тип двигателя,Дизельный,Вес,6095 кг,Аккумуляторы,,Бренд,Haulotte,Внешний радиус поворота,4.5 м,Внутренний радиус поворота,,Вращение,165°,Горизонтальный вылет,8.3 м,Высота техники,2.3 м,Высота подъема платформы,14 м,Объем бака гидравлической жидкости,76 л,Грузоподъемность,230 кг,Двигатель,"Kubota, 26.5kW (36hp), Stage 3A",Длина,"5,05 м",Дорожный просвет,38 см,Колесная база,2.1 м,Преодолеваемый подъем,40%,Габариты платформы,1.83 × 0.80 м,Скорость,5.2 км/ч,Страна,Франция,Объем топливного бака,62 л,Шины,14×17.5 (с пенным наполнением),Ширина,"2,3 м"
Haulotte HA16 RTJ PRO,simple,37,1,visible,1,"Misc, Коленчатые, Дизельные, Самоходные",Вид подъемника,Коленчатый,Рабочая высота,16 м,Тип двигателя,Дизельный,Вес,6540 кг,Аккумуляторы,,Бренд,Haulotte,Внешний радиус поворота,3.75 м,Внутренний радиус поворота,,Вращение,165°,Горизонтальный вылет,8.3 м,Высота техники,2.3 м,Высота подъема платформы,14 м,Объем бака гидравлической жидкости,62 л,Грузоподъемность,230 кг,Двигатель,"Kubota, 26.5kW (36hp), Stage 3A",Длина,"6,75 м",Дорожный просвет,34 см,Колесная база,2.1 м,Преодолеваемый подъем,,Габариты платформы,,Скорость,0.8 - 5.2 км/ч,Страна,Франция,Объем топливного бака,62 л,Шины,14×17.5 (foam-filled),Ширина,"2,3 м"
Haulotte HT23 RTJ O,simple,39,1,visible,1,"Misc, Телескопические, Дизельные, Самоходные",Вид подъемника,Телескопический,Рабочая высота,"22,5 м",Тип двигателя,Дизельный,Вес,13320 кг,Аккумуляторы,,Бренд,Haulotte,Внешний радиус поворота,6.3 м,Внутренний радиус поворота,,Вращение,180°,Горизонтальный вылет,18.3 м,Высота техники,2.7 м,Высота подъема платформы,"20,5 м",Объем бака гидравлической жидкости,,Грузоподъемность,230 кг,Двигатель,Kubota 36.5 / 49.6,Длина,"7,8 м",Дорожный просвет,34 см,Колесная база,2.5 м,Преодолеваемый подъем,40%,Габариты платформы,2.44 х 0.91 м,Скорость,0.5 - 6.5 км/ч,Страна,Франция,Объем топливного бака,166 л,Шины,Пенонаполненные 3385/65-22.5 ,Ширина,"2,47 м"
Haulotte HA26 RTJ О,simple,38,1,visible,1,"Misc, Коленчатые, Дизельные, Самоходные",Вид подъемника,Коленчатый,Рабочая высота,"26,4 м",Тип двигателя,Дизельный,Вес,15500 кг,Аккумуляторы,,Бренд,Haulotte,Внешний радиус поворота,6.55 м,Внутренний радиус поворота,,Вращение,180 люлька/ 360 непрерывно,Горизонтальный вылет,17.5 м,Высота техники,2.97 м,Высота подъема платформы,"24,4 м",Объем бака гидравлической жидкости,140 л,Грузоподъемность,250 кг,Двигатель,"Kubota 49,6 hp - 36.5kW",Длина,"11,8 м",Дорожный просвет,48 см,Колесная база,2.8 м,Преодолеваемый подъем,45%,Габариты платформы,2.44 х 0.91 м,Скорость,5 км/ч,Страна,Франция,Объем топливного бака,80 л,Шины,385/65-22.5 (solid rough terrain),Ширина,"2,48 м"
Haulotte НА 26 RTJ PRO,simple,21,1,visible,1,"Misc, Коленчатые, Дизельные, Самоходные",Вид подъемника,Коленчатый,Рабочая высота,"26,4 м",Тип двигателя,Дизельный,Вес,15500 кг,Аккумуляторы,,Бренд,Haulotte,Внешний радиус поворота,4.35 м,Внутренний радиус поворота,,Вращение,180 люлька/ 360 непрерывно,Горизонтальный вылет,17.5 м,Высота техники,2.97 м,Высота подъема платформы,"24,4 м",Объем бака гидравлической жидкости,140 л,Грузоподъемность,250 кг,Двигатель,"Kubota 49,6 hp - 36.5kW",Длина,"11,8 м",Дорожный просвет,48 см,Колесная база,2.8 м,Преодолеваемый подъем,45%,Габариты платформы,2.44 х 0.91 м,Скорость,5 км/ч,Страна,Франция,Объем топливного бака,80 л,Шины,1025 х 365 мм (solid rough terrain),Ширина,"2,48 м"
Haulotte Compact 8,simple,27,1,visible,1,"Misc, Ножничные, Электрические, Самоходные",Вид подъемника,Ножничный,Рабочая высота,"8,2 м",Тип двигателя,Электрический,Вес,1655 кг,Аккумуляторы,24В 225 Амп/ч,Бренд,Haulotte,Внешний радиус поворота,2.38 м,Внутренний радиус поворота,0.34 м,Вращение,,Горизонтальный вылет,нет,Высота техники,2 м (со слож ограждениями 1.13 м),Высота подъема платформы,"6,2 м",Объем бака гидравлической жидкости,27 л,Грузоподъемность,350 кг,Двигатель,24 V - 232 Ah,Длина,"2,49 м",Дорожный просвет,13 см,Колесная база,1.86 м,Преодолеваемый подъем,23%,Габариты платформы,2.31 х 0.81 м,Скорость,1 - 3.3 км/ч,Страна,Франция,Объем топливного бака,,Шины,Non marking 15 х 5,Ширина,"0,81 м"
Haulotte Compact 10,simple,22,1,visible,1,"Misc, Ножничные, Электрические, Самоходные",Вид подъемника,Ножничный,Рабочая высота,"10,15 м",Тип двигателя,Электрический,Вес,2330 кг,Аккумуляторы,24В 330 Амп/ч,Бренд,Haulotte,Внешний радиус поворота,1.83 м,Внутренний радиус поворота,,Вращение,,Горизонтальный вылет,нет,Высота техники,2.35 м (со слож ограждениями 1.65 м),Высота подъема платформы,"8,15 м",Объем бака гидравлической жидкости,25 л,Грузоподъемность,450 кг,Двигатель,24 V - 340 Ah,Длина,"2,49 м",Дорожный просвет,12.5 см,Колесная база,1.86 м,Преодолеваемый подъем,25%,Габариты платформы,2.40 х 1.17 м,Скорость,0.7-4.2 км/ч,Страна,Франция,Объем топливного бака,,Шины,Non marking 15 х 5,Ширина,"1,2 м"
Haulotte Compact 10N,simple,23,1,visible,1,"Misc, Ножничные, Электрические, Самоходные",Вид подъемника,Ножничный,Рабочая высота,"9,8 м",Тип двигателя,Электрический,Вес,2160 кг,Аккумуляторы,24В 225 Амп/ч,Бренд,Haulotte,Внешний радиус поворота,2.05 м,Внутренний радиус поворота,,Вращение,,Горизонтальный вылет,нет,Высота техники,2.35 м (со слож ограждениями 1.94 м),Высота подъема платформы,"7,8 м",Объем бака гидравлической жидкости,10/27 л,Грузоподъемность,250 кг,Двигатель,24 В - 4x6 В - 209 А.ч.,Длина,"2,5 м",Дорожный просвет,12.5 см,Колесная база,1.86 м,Преодолеваемый подъем,25%,Габариты платформы,2.40 х 0.8 м,Скорость,0.7-4.2 км/ч,Страна,Франция,Объем топливного бака,,Шины,Non marking 15 х 5,Ширина,"0,81 м"
Haulotte Compact 12,simple,24,1,visible,1,"Misc, Ножничные, Электрические, Самоходные",Вид подъемника,Ножничный,Рабочая высота,"11,98 м",Тип двигателя,Электрический,Вес,2470 кг,Аккумуляторы,24В 340 Амп/ч,Бренд,Haulotte,Внешний радиус поворота,1.83 м,Внутренний радиус поворота,,Вращение,,Горизонтальный вылет,,Высота техники,2.47 м,Высота подъема платформы,"9,98 м",Объем бака гидравлической жидкости,14 л,Грузоподъемность,300 кг,Двигатель,24 V - 340 Ah (C20),Длина,"2,49 м",Дорожный просвет,12.5 см,Колесная база,1.86 м,Преодолеваемый подъем,25%,Габариты платформы,2.40 х 1.17 м (в удлиненном виде 3.32 х 1.17 м),Скорость,0.7-4.2 км/ч,Страна,Франция,Объем топливного бака,нет,Шины,Non marking 15 х 5,Ширина,"1,2 м"
Haulotte Compact 12 DX NEW,simple,25,1,visible,1,"Misc, Ножничные, Дизельные, Самоходные",Вид подъемника,Ножничный,Рабочая высота,"11,98 м",Тип двигателя,Дизельный,Вес,4110 кг,Аккумуляторы,,Бренд,Haulotte,Внешний радиус поворота,4.63 м,Внутренний радиус поворота,,Вращение,,Горизонтальный вылет,,Высота техники,2.56 м (со слож ограждениями 1.71 м),Высота подъема платформы,"9,98 м",Объем бака гидравлической жидкости,75 л,Грузоподъемность,450 кг,Двигатель,"KUBOTA D1105-W1, 18.5 кВт - 24.8 л.с., Stage 3A",Длина,"3,17 м",Дорожный просвет,28 см,Колесная база,1.84 м,Преодолеваемый подъем,40%,Габариты платформы,2.45 х 1.45 м (в удлиненном виде 3.7 х 1.45 м),Скорость,0.6-5.5 км/ч,Страна,Франция,Объем топливного бака,30 л,Шины,Пенонаполненные 663 х 283 мм,Ширина,"1,78 м"
Haulotte Compact 14,simple,26,1,visible,1,"Misc, Ножничные, Электрические, Самоходные",Вид подъемника,Ножничный,Рабочая высота,"13,85 м",Тип двигателя,Электрический,Вес,3175 кг,Аккумуляторы,24В 340 Амп/ч,Бренд,Haulotte,Внешний радиус поворота,1.83 м,Внутренний радиус поворота,,Вращение,,Горизонтальный вылет,,Высота техники,2.72 м (со слож ограждениями 2.02 м),Высота подъема платформы,"11,85 м",Объем бака гидравлической жидкости,25 л,Грузоподъемность,350 кг,Двигатель,24 V - 340 Ah (C20),Длина,"2,49 м",Дорожный просвет,10.8 см,Колесная база,1.86 м,Преодолеваемый подъем,25%,Габариты платформы,2.40 х 1.20 м (в удлиненном виде 3.32 х 1.20 м),Скорость,0.7-4.2 км/ч,Страна,Франция,Объем топливного бака,нет,Шины,Non marking 15 х 5,Ширина,"1,2 м"
Haulotte Optimum 8,simple,40,1,visible,1,"Misc, Ножничные, Электрические, Самоходные",Вид подъемника,Ножничный,Рабочая высота,"7,77 м",Тип двигателя,Электрический,Вес,1590 кг,Аккумуляторы,24В 225 Амп/ч,Бренд,Haulotte,Внешний радиус поворота,1.5 м,Внутренний радиус поворота,,Вращение,,Горизонтальный вылет,,Высота техники,1.99 м,Высота подъема платформы,"5,77 м",Объем бака гидравлической жидкости,6 л,Грузоподъемность,230 кг,Двигатель,24 V - 232 Ah,Длина,"1,9 м",Дорожный просвет,8.7 см,Колесная база,1.38 м,Преодолеваемый подъем,25%,Габариты платформы,1.73 х 0.86 м (в удлиненном виде 2.59 х 0.86 м),Скорость,0.5-5 км/ч,Страна,Франция,Объем топливного бака,нет,Шины,Non marking 12.5 х 4.13,Ширина,"0,79 м"
JLG 510 AJ,simple,42,1,visible,1,"Misc, Коленчатые, Дизельные, Самоходные",Вид подъемника,Коленчатый,Рабочая высота,"17,81 м",Тип двигателя,Дизельный,Вес,7650 кг,Аккумуляторы,,Бренд,JLG,Внешний радиус поворота,5 м,Внутренний радиус поворота,2 м,Вращение,"360°, непрерывное-нет",Горизонтальный вылет,9.48 м,Высота техники,2.3 м,Высота подъема платформы,"15,81 м",Объем бака гидравлической жидкости,113.6 л,Грузоподъемность,230 кг,Двигатель,Deutz F3M2011 / Deutz D2011L03 / Perkins 404C-22,Длина,"7,68 м",Дорожный просвет,0.36 м,Колесная база,2.34 м,Преодолеваемый подъем,45%,Габариты платформы,1.83 х 0.76 м ,Скорость,7.2 км/ч,Страна,США,Объем топливного бака,62.5 л,Шины,"Пенонаполненные (lug), без следов 12 х 16.5",Ширина,"2,26 м"
JLG E450AJ,simple,44,1,visible,1,"Misc, Коленчатые, Электрические, Самоходные",Вид подъемника,Коленчатый,Рабочая высота,"15,72 м",Тип двигателя,Электрический,Вес,6670 кг,Аккумуляторы,8 x 6В 370 А/ч ,Бренд,JLG,Внешний радиус поворота,3.15 м,Внутренний радиус поворота,0.61 м,Вращение,"360°, непрерывное-нет",Горизонтальный вылет,7.24 м,Высота техники,2.01 м,Высота подъема платформы,"13,72 м",Объем бака гидравлической жидкости,15 л,Грузоподъемность,227 кг,Двигатель,Электрическая система 48 вольт,Длина,"6,45 м",Дорожный просвет,20 см,Колесная база,2.01 м,Преодолеваемый подъем,30%,Габариты платформы,1.52 х 0.76 м ,Скорость,7.2 км/ч,Страна,США,Объем топливного бака,нет,Шины,"240/55-17.5, пенонаполненные/ не оставляющие следов",Ширина,1.75 м
LGMG AR14J,simple,46,1,visible,1,"Misc, Коленчатые, Дизельные, Самоходные",Вид подъемника,Коленчатый,Рабочая высота,"16,09 м",Тип двигателя,Дизельный,Вес,7160 кг,Аккумуляторы,,Бренд,LGMG,Внешний радиус поворота,4.41 м,Внутренний радиус поворота,1.94 м,Вращение,355°,Горизонтальный вылет,7.4 м,Высота техники,2.17 м,Высота подъема платформы,"14,09 м",Объем бака гидравлической жидкости,130 л,Грузоподъемность,230 кг,Двигатель,"Kubota V2403 36 кВт/48,2 л.с.",Длина,"6,77 м",Дорожный просвет,36 см,Колесная база,2.06 м,Преодолеваемый подъем,45%,Габариты платформы,1.83 х 0.76 м ,Скорость,0.8-6.1 км/ч,Страна,Китай,Объем топливного бака,65 л,Шины,"355/55D-625, пенонаполненные",Ширина,"2,31 м"
LGMG ES1612,simple,49,1,visible,1,"Misc, Ножничные, Электрические, Самоходные",Вид подъемника,Ножничный,Рабочая высота,"15,7 м",Тип двигателя,Электрический,Вес,880 кг,Аккумуляторы,"4 х 6 В, 300 А/ч",Бренд,LGMG,Внешний радиус поворота,,Внутренний радиус поворота,,Вращение,,Горизонтальный вылет,,Высота техники,,Высота подъема платформы,"13,7 м",Объем бака гидравлической жидкости,,Грузоподъемность,250 кг,Двигатель,,Длина,"2,87 м",Дорожный просвет,,Колесная база,,Преодолеваемый подъем,,Габариты платформы,,Скорость,,Страна,Китай,Объем топливного бака,,Шины,,Ширина,0.81 м
LGMG SS0407E,simple,52,1,visible,1,"Misc, Ножничные, Электрические, Самоходные",Вид подъемника,Ножничный,Рабочая высота,"5,6 м",Тип двигателя,Электрический,Вес,885 кг,Аккумуляторы,24V DC 115Ah,Бренд,LGMG,Внешний радиус поворота,1.5 м,Внутренний радиус поворота,0,Вращение,нет,Горизонтальный вылет,,Высота техники,2.06 м (со слож перилами 1.82 м),Высота подъема платформы,"3,6 м",Объем бака гидравлической жидкости,4.5 л,Грузоподъемность,240 кг,Двигатель,24V DC 115Ah,Длина,"1,53 м",Дорожный просвет,5 см,Колесная база,1.12 м,Преодолеваемый подъем,25%,Габариты платформы,"1.30 х 0.70 м, удлинитель 0.60 м",Скорость,,Страна,Китай,Объем топливного бака,нет,Шины,"230 х 80 мм, цельнолитые/не оставляют следов",Ширина,"0,76 м"
LGMG A14JE,simple,45,1,visible,1,"Misc, Коленчатые, Электрические, Самоходные",Вид подъемника,Коленчатый,Рабочая высота,"15,8 м",Тип двигателя,Электрический,Вес,7500 кг,Аккумуляторы,48В 390Ач,Бренд,LGMG,Внешний радиус поворота,4.1 м,Внутренний радиус поворота,1.83 м,Вращение,355°,Горизонтальный вылет,7.81 м,Высота техники,1.98 м (транспортная высота 2.54 м),Высота подъема платформы,"13,8 м",Объем бака гидравлической жидкости,30 л,Грузоподъемность,230 кг,Двигатель,48В 390Ач,Длина,"6,66 м",Дорожный просвет,24 см,Колесная база,2.03 м,Преодолеваемый подъем,30%,Габариты платформы,1.83 х 0.76 м ,Скорость,1.0-4.8 км/ч,Страна,Китай,Объем топливного бака,нет,Шины,"9-14.5, пенонаполненные/не оставляющие следов",Ширина,"1,8 м"
LGMG AR16J,simple,47,1,visible,1,"Misc, Коленчатые, Дизельные, Самоходные",Вид подъемника,Коленчатый,Рабочая высота,"17,7м",Тип двигателя,Дизельный,Вес,8180 кг,Аккумуляторы,,Бренд,LGMG,Внешний радиус поворота,4.41 м,Внутренний радиус поворота,1.94 м,Вращение,355°,Горизонтальный вылет,9.39 м,Высота техники,2.17 м,Высота подъема платформы,"15,7м",Объем бака гидравлической жидкости,130 л,Грузоподъемность,230 кг,Двигатель,"Kubota V2403 36 кВт/48,2 л.с.",Длина,"7,56 м",Дорожный просвет,0.36 м,Колесная база,2.06 м,Преодолеваемый подъем,45%,Габариты платформы,1.83 х 0.76 м ,Скорость,6.1 км/ч,Страна,Китай,Объем топливного бака,65 л,Шины,"RT foam-filled, 315/55D20",Ширина,"2,31 м"
LGMG AR20J,simple,48,1,visible,1,"Misc, Коленчатые, Дизельные, Самоходные",Вид подъемника,Коленчатый,Рабочая высота,"21,58 м",Тип двигателя,Дизельный,Вес,9850 кг,Аккумуляторы,,Бренд,LGMG,Внешний радиус поворота,3.9 м,Внутренний радиус поворота,1.9 м,Вращение,360°,Горизонтальный вылет,12.37 м,Высота техники,2.46 м,Высота подъема платформы,"19,58 м",Объем бака гидравлической жидкости,100 л,Грузоподъемность,260 кг,Двигатель,"Kubota V2403 26 кВт/48,2 л.с.",Длина,"9,42 м",Дорожный просвет,0.40 м,Колесная база,"2,51 м",Преодолеваемый подъем,45%,Габариты платформы,2.44 х 0.90 м,Скорость,5 км/ч,Страна,Китай,Объем топливного бака,нет,Шины,"RT foam-filled, 355/55D625",Ширина,"2,5 м"
LGMG SR1023D,simple,50,1,visible,1,"Misc, Ножничные, Дизельные, Самоходные",Вид подъемника,Ножничный,Рабочая высота,12 м,Тип двигателя,Дизельный,Вес,6880 кг,Аккумуляторы,,Бренд,LGMG,Внешний радиус поворота,5.33 м,Внутренний радиус поворота,нет,Вращение,нет,Горизонтальный вылет,нет,Высота техники,2.74 м (перила сложены 2.06 м),Высота подъема платформы,10 м,Объем бака гидравлической жидкости,140 л,Грузоподъемность,1100 кг,Двигатель,"Deutz D2,9 L4 36,4кВт/48,8л,с,",Длина,"4,9 м",Дорожный просвет,0.23 м,Колесная база,2.85 м,Преодолеваемый подъем,40%,Габариты платформы,3.98/4.81 х 1.83 м,Скорость,нет,Страна,Китай,Объем топливного бака,110 л,Шины,"Solid, 835 х 290 мм",Ширина,"2,3 м"
LGMG SR1623D,simple,51,1,visible,1,"Misc, Ножничные, Дизельные, Самоходные",Вид подъемника,Ножничный,Рабочая высота,"17,9 м",Тип двигателя,Дизельный,Вес,8100 кг,Аккумуляторы,,Бренд,LGMG,Внешний радиус поворота,5.33 м,Внутренний радиус поворота,нет,Вращение,нет,Горизонтальный вылет,нет,Высота техники,3.18 м (перила сложены 2.50 м),Высота подъема платформы,"15,9 м",Объем бака гидравлической жидкости,140 л,Грузоподъемность,680 кг,Двигатель,"Deutz D2,9 L4 36,4кВт",Длина,"4,9 м",Дорожный просвет,0.23 м,Колесная база,2.85 м,Преодолеваемый подъем,40%,Габариты платформы,3.98/4.81 х 1.83 м,Скорость,нет,Страна,Китай,Объем топливного бака,110 л,Шины,"Solid, 835 х 290 мм",Ширина,"2,3 м"
"ACMG AC1212LI (ребренд XCMG XG1412AC-LI) ВАЖНО!!!! ВЕРНОЕ НАЗВАНИЕ В СКОБОЧКАХ, НО КАНКУРЕНТЫ ПИШУТ ПОЧЕМУ-ТО ПЕРВОЕ",simple,1,1,visible,1,"Misc, Ножничные, Электрические, Самоходные",Вид подъемника,Ножничный,Рабочая высота,"13,9 м",Тип двигателя,Электрический,Вес,2950 кг,Аккумуляторы,"Li-ion 25,6 В 230 А·ч",Бренд,ACMG,Внешний радиус поворота,2.3 м,Внутренний радиус поворота,0 м,Вращение,нет,Горизонтальный вылет,нет,Высота техники,2.61 м (перила сложены 2.06 м),Высота подъема платформы,"11,9 м",Объем бака гидравлической жидкости,нет,Грузоподъемность,320 кг,Двигатель,"Li-ion 25,6 В 230 А·ч",Длина,"2,4 м",Дорожный просвет,10 см,Колесная база,1.87 м,Преодолеваемый подъем,25%,Габариты платформы,2.28 х 1.12 м,Скорость,0.8-4.0 км/ч,Страна,Китай,Объем топливного бака,нет,Шины,"381 х 127 мм, Solid, не оставляющие следов",Ширина,"1,15 м"
Aurora AS0808 -> LGMG S0808Е-2/AS0808Е ,simple,2,1,visible,1,"Misc, Ножничные, Электрические, Самоходные",Вид подъемника,Ножничный,Рабочая высота,"10,1 м",Тип двигателя,Электрический,Вес,2035 кг,Аккумуляторы,4×6 V/240 Ah,Бренд,Aurora,Внешний радиус поворота,2.2 м,Внутренний радиус поворота,нет,Вращение,нет,Горизонтальный вылет,нет,Высота техники,2.32 м (перила сложены 1.95 м),Высота подъема платформы,"8,1 м",Объем бака гидравлической жидкости,11 л,Грузоподъемность,230 кг,Двигатель,24V 130Ah,Длина,"2,45 м",Дорожный просвет,10 см,Колесная база,1.86 м,Преодолеваемый подъем,25%,Габариты платформы,2.26 х 0.83 м,Скорость,нет,Страна,Китай,Объем топливного бака,нет,Шины,цельномонолитные/не оставляюзие следов 380 х 130 мм,Ширина,"0,82 м"
Aurora AS0812LI -> LGMG AS0812Е (AS2646Е),simple,3,1,visible,1,"Misc, Ножничные, Электрические, Самоходные",Вид подъемника,Ножничный,Рабочая высота,10 м,Тип двигателя,Электрический,Вес,2460 кг,Аккумуляторы,100-240 V AC,Бренд,Aurora,Внешний радиус поворота,2.3 м,Внутренний радиус поворота,0 м,Вращение,нет,Горизонтальный вылет,нет,Высота техники,2.30 м (перила сложены 1.73 м),Высота подъема платформы,8 м,Объем бака гидравлической жидкости,16 л,Грузоподъемность,450 кг,Двигатель,24V DC 240Ah li-on,Длина,2.4 м,Дорожный просвет,10 см,Колесная база,1.85 м,Преодолеваемый подъем,25%,Габариты платформы,2.26 х 1.12 м,Скорость,0.8-4.0 км/ч,Страна,Китай,Объем топливного бака,нет,Шины,цельномонолитные/не оставляюзие следов 380 х 130 мм,Ширина,"1,15 м"
Aurora AS1012 -> LGMG AS1012Е (AS3246Е),simple,4,1,visible,1,"Misc, Ножничные, Электрические, Самоходные",Вид подъемника,Ножничный,Рабочая высота,12 м,Тип двигателя,Электрический,Вес,2820 кг,Аккумуляторы,4×12 V/150 Ah,Бренд,Aurora,Внешний радиус поворота,2.3 м,Внутренний радиус поворота,0 м,Вращение,нет,Горизонтальный вылет,нет,Высота техники,2.43 м (перила сложены 1.86 м),Высота подъема платформы,10 м,Объем бака гидравлической жидкости,23 л,Грузоподъемность,320 кг,Двигатель,24V DC 240Ah,Длина,"2,4 м",Дорожный просвет,10 см,Колесная база,1.85 м,Преодолеваемый подъем,25%,Габариты платформы,2.26 х 1.12 м,Скорость,0.8-4.0 км/ч,Страна,Китай,Объем топливного бака,нет,Шины,цельномонолитные/не оставляюзие следов 380 х 130 мм,Ширина,"1,15 м"
Aurora AS1412 -> LGMG AS1413Е (AS4650Е),simple,5,1,visible,1,"Misc, Ножничные, Электрические, Самоходные",Вид подъемника,Ножничный,Рабочая высота,"15,8 м",Тип двигателя,Электрический,Вес,3600 кг,Аккумуляторы,4×12 V/150 Ah,Бренд,Aurora,Внешний радиус поворота,2.85 м,Внутренний радиус поворота,0 м,Вращение,нет,Горизонтальный вылет,нет,Высота техники,2.74 м (перила сложены 1.94 м),Высота подъема платформы,"13,8 м",Объем бака гидравлической жидкости,24.5 л,Грузоподъемность,320 кг,Двигатель,24 V 220Ah,Длина,"2,72 м",Дорожный просвет,10.5 см,Колесная база,2.22 м,Преодолеваемый подъем,25%,Габариты платформы,2.64 х 1.12 м,Скорость,,Страна,Китай,Объем топливного бака,нет,Шины,цельномонолитные/не оставлящие следов 380 х 130 мм,Ширина,"1,4 м"
Dingli BA18CRT2,simple,6,1,visible,1,"Misc, Коленчатые, Дизельные, Самоходные",Вид подъемника,Коленчатый,Рабочая высота,"18,11 м",Тип двигателя,Дизельный,Вес,8200 кг,Аккумуляторы,,Бренд,Dingli,Внешний радиус поворота,4.73 м,Внутренний радиус поворота,3 м,Вращение,"360° непрерывно, люлька 180",Горизонтальный вылет,9.45 м,Высота техники,2.59 м,Высота подъема платформы,"16,11 м",Объем бака гидравлической жидкости,145 л,Грузоподъемность,320 кг,Двигатель,Kubota D1105/18.2 кВт,Длина,"5,47 м",Дорожный просвет,0.31 м,Колесная база,2.40 м,Преодолеваемый подъем,40%,Габариты платформы,1.83 х 0.79 м ,Скорость,1.1-6.0 км/ч,Страна,Китай,Объем топливного бака,115 л,Шины,315/55 D20,Ширина,"2,44 м"
Dingli BA18NE,simple,7,1,visible,1,"Misc, Коленчатые, Электрические, Самоходные",Вид подъемника,Коленчатый,Рабочая высота,18 м,Тип двигателя,Электрический,Вес,7420 кг,Аккумуляторы,48В/300Ач,Бренд,Dingli,Внешний радиус поворота,3.3 м,Внутренний радиус поворота,2.08 м,Вращение,"360°, непрерывное-нет",Горизонтальный вылет,8.3 м,Высота техники,2 м,Высота подъема платформы,16 м,Объем бака гидравлической жидкости,30 л,Грузоподъемность,230 кг,Двигатель,АКБ 48 V/ 300 Ah ,Длина,"7,21 м",Дорожный просвет,0.2 м,Колесная база,2 м,Преодолеваемый подъем,25%,Габариты платформы,1.45 х 0.76 м ,Скорость,6.1 км/ч,Страна,Китай,Объем топливного бака,нет,Шины,17.5 х 6.75 пенонаполненные,Ширина,"1,73 м"
Dingli BA20CRT2,simple,8,1,visible,1,"Misc, Коленчатые, Дизельные, Самоходные",Вид подъемника,Коленчатый,Рабочая высота,"20,15 м",Тип двигателя,Дизельный,Вес,8450 кг,Аккумуляторы,,Бренд,Dingli,Внешний радиус поворота,4. 73 м,Внутренний радиус поворота,3 м,Вращение,"360°, непрерывно",Горизонтальный вылет,11.13 м,Высота техники,2.59 м,Высота подъема платформы,"18,15 м",Объем бака гидравлической жидкости,145 л,Грузоподъемность,320 кг,Двигатель,Kubota18.2кВт или Perkins 18.4кВт,Длина,"6,41 м",Дорожный просвет,0.31 м,Колесная база,2.40 м,Преодолеваемый подъем,40%,Габариты платформы,1.83 х 0.79 м ,Скорость,6 км/ч,Страна,Китай,Объем топливного бака,115 л,Шины,315/55 D20,Ширина,"2,44 м"
Dingli BA22ERT,simple,9,1,visible,1,"Misc, Коленчатые, Электрические, Самоходные",Вид подъемника,Коленчатый,Рабочая высота,"22,21 м",Тип двигателя,Электрический,Вес,10150 кг,Аккумуляторы,24x2В/375Ач,Бренд,Dingli,Внешний радиус поворота,3.92 м,Внутренний радиус поворота,2.15 м,Вращение,"360°, непрерывно",Горизонтальный вылет,13.62 м,Высота техники,2.43 м,Высота подъема платформы,"20,21 м",Объем бака гидравлической жидкости,145 л,Грузоподъемность,230 кг,Двигатель,48V 3.8 kw,Длина,"9,55 м",Дорожный просвет,0.31 м,Колесная база,2.40 м,Преодолеваемый подъем,45%,Габариты платформы,1.83 х 0.79 м ,Скорость,6 км/ч,Страна,Китай,Объем топливного бака,нет,Шины,315/55 D21,Ширина,"2,44 м"
Dingli BA28RT,simple,10,1,visible,1,"Misc, Коленчатые, Дизельные, Самоходные",Вид подъемника,Коленчатый,Рабочая высота,"28,1 м",Тип двигателя,Дизельный,Вес,18400 кг,Аккумуляторы,,Бренд,Dingli,Внешний радиус поворота,3.22 м,Внутренний радиус поворота,1.87 м,Вращение,"360°, непрерывно",Горизонтальный вылет,19.4 м,Высота техники,2.89 м,Высота подъема платформы,"26,1 м",Объем бака гидравлической жидкости,165 л,Грузоподъемность,250 кг,Двигатель,"Deutz TD2.9 L4 / 55,4 кВт",Длина,12 м,Дорожный просвет,0.41 м,Колесная база,2.8 м,Преодолеваемый подъем,45%,Габариты платформы,2.44 х 0.91 м,Скорость, 6 км/ч,Страна,Китай,Объем топливного бака,135 л,Шины,385/45-28,Ширина,"2,5 м"
Dingli BT26RT,simple,11,1,visible,1,"Misc, Телескопические, Дизельные, Самоходные",Вид подъемника,Телескопический,Рабочая высота,"26,3 м",Тип двигателя,Дизельный,Вес,16090 кг,Аккумуляторы,,Бренд,Dingli,Внешний радиус поворота,3.22 м,Внутренний радиус поворота,1.87 м,Вращение,"360°, непрерывно",Горизонтальный вылет,19.5 м,Высота техники,2.87 м,Высота подъема платформы,"24,3 м",Объем бака гидравлической жидкости,165 л,Грузоподъемность,450 кг,Двигатель,"Deutz D2.9 L4/55,4 кВт",Длина,"10,82 м",Дорожный просвет,0.41 м,Колесная база,2.8 м,Преодолеваемый подъем,45%,Габариты платформы,2.44 х 0.91 м,Скорость, 6 км/ч,Страна,Китай,Объем топливного бака,135 л,Шины,385/45-28,Ширина,"2,5 м"
Dingli BT28RT,simple,12,1,visible,1,"Misc, Телескопические, Дизельные, Самоходные",Вид подъемника,Телескопический,Рабочая высота,"28,6 м",Тип двигателя,Дизельный,Вес,18400 кг,Аккумуляторы,,Бренд,Dingli,Внешний радиус поворота,3.22 м,Внутренний радиус поворота,1.87 м,Вращение,"360°, непрерывно",Горизонтальный вылет,21.9 м,Высота техники,2.87 м,Высота подъема платформы,"26,6 м",Объем бака гидравлической жидкости,165 л,Грузоподъемность,454 кг,Двигатель,"Deutz ТD2.9 L4/55,4 кВт",Длина,"11,66 м",Дорожный просвет,0.41 м,Колесная база,2.8 м,Преодолеваемый подъем,45%,Габариты платформы,2.44 х 0.91 м,Скорость, 6 км/ч,Страна,Китай,Объем топливного бака,135 л,Шины,385/45-29,Ширина,"2,5 м"
Dingli JCPT1418RT,simple,13,1,visible,1,"Misc, Ножничные, Дизельные, Самоходные",Вид подъемника,Ножничный,Рабочая высота,"14,3 м",Тип двигателя,Дизельный,Вес,5050 кг,Аккумуляторы,,Бренд,Dingli,Внешний радиус поворота,4.85 м,Внутренний радиус поворота,2.15 м,Вращение,нет,Горизонтальный вылет,нет,Высота техники,1.97 м,Высота подъема платформы,"12,3 м",Объем бака гидравлической жидкости,71 л,Грузоподъемность,363 кг,Двигатель,"Kubota D1105 18,2 кВт",Длина,"3,84 м",Дорожный просвет,0.24 м,Колесная база,2.29 м,Преодолеваемый подъем,40%,Габариты платформы,2.88 х 1.52 м,Скорость, 5 км/ч,Страна,Китай,Объем топливного бака,47 л,Шины,26 х 12-16.5,Ширина,"1,76 м"
Dingli JCPT1612HA,simple,14,1,visible,1,"Misc, Ножничные, Электрические, Самоходные",Вид подъемника,Ножничный,Рабочая высота,"15,7 м",Тип двигателя,Электрический,Вес,3240 кг,Аккумуляторы,4x12В/240Ач,Бренд,Dingli,Внешний радиус поворота,2.65 м,Внутренний радиус поворота,0 м,Вращение,нет,Горизонтальный вылет,нет,Высота техники,2.09 м,Высота подъема платформы,"13,7 м",Объем бака гидравлической жидкости,20 л,Грузоподъемность,250 кг,Двигатель,24V / 4.5kW,Длина,"2,84 м",Дорожный просвет,10 см,Колесная база,2.24 м,Преодолеваемый подъем,25%,Габариты платформы,2.64 х 1.12 м,Скорость,3.5 км/ч,Страна,Китай,Объем топливного бака,нет,Шины,381 х 127 мм не оставлящие следов,Ширина,"1,25 м"
Haulotte HA 20 PX,simple,34,1,visible,1,"Misc, Коленчатые, Дизельные, Самоходные",Вид подъемника,Коленчатый,Рабочая высота,"20,65 м",Тип двигателя,Дизельный,Вес,11710 кг,Аккумуляторы,,Бренд,Haulotte,Внешний радиус поворота,3.9 м,Внутренний радиус поворота,нет,Вращение,360°,Горизонтальный вылет,13.5 м,Высота техники,2.67 м,Высота подъема платформы,"18,65 м",Объем бака гидравлической жидкости,150 л,Грузоподъемность,230 кг,Двигатель,"Diesel Deutz 57,1 hp - 42kW",Длина,"8,93 м",Дорожный просвет,0.42 м,Колесная база,2.8 м,Преодолеваемый подъем,40%,Габариты платформы,1.8 х 0.8 м,Скорость,0.5 - 4.5 км/ч,Страна,Франция,Объем топливного бака,150 л,Шины,385/65-22.5,Ширина,"2,38 м"
Haulotte HA 20 RTJ,simple,35,1,visible,1,"Misc, Коленчатые, Дизельные, Самоходные",Вид подъемника,Коленчатый,Рабочая высота,"20,6 м",Тип двигателя,Дизельный,Вес,9300 кг,Аккумуляторы,,Бренд,Haulotte,Внешний радиус поворота,4.5 м,Внутренний радиус поворота,нет,Вращение,355°,Горизонтальный вылет,12.2 м,Высота техники,2.51 м,Высота подъема платформы,"18,6 м",Объем бака гидравлической жидкости,150 л,Грузоподъемность,230 кг,Двигатель,"Kubota 49,6 hp - 36.5kW",Длина,"8,8 м",Дорожный просвет,0.38 м,Колесная база,2.45 м,Преодолеваемый подъем,45%,Габариты платформы,1.83 х 0.8 м ,Скорость,0.5 - 5.5 км/ч,Страна,Франция,Объем топливного бака,150 л,Шины,910 х 355 мм,Ширина,"2,42 м"
JLG 4394RT,simple,41,1,visible,1,"Misc, Ножничные, Дизельные, Самоходные",Вид подъемника,Ножничный,Рабочая высота,"13,11м",Тип двигателя,Дизельный,Вес,7100 кг,Аккумуляторы,,Бренд,JLG,Внешний радиус поворота,5.93 м,Внутренний радиус поворота,2.71 м,Вращение,нет,Горизонтальный вылет,нет,Высота техники,2.89 м,Высота подъема платформы,"11,11м",Объем бака гидравлической жидкости,121.42 л,Грузоподъемность,680 кг,Двигатель,"Kubota 24,8 л.с.",Длина,"3,86 м",Дорожный просвет,0.3 м,Колесная база,2.95 м,Преодолеваемый подъем,45%,Габариты платформы,2.18 х 3.81 м,Скорость,6.4 км/ч,Страна,США,Объем топливного бака,113.56 л,Шины,"внедорожные, пенонаполненные",Ширина,"2,39 м"
JLG 800S,simple,43,1,visible,1,"Misc, Телескопические, Дизельные, Самоходные",Вид подъемника,Телескопический,Рабочая высота,"26,38 м",Тип двигателя,Дизельный,Вес,15800 кг,Аккумуляторы,,Бренд,JLG,Внешний радиус поворота,6.02 м,Внутренний радиус поворота,3.8 м,Вращение,"360°, непрерывно",Горизонтальный вылет,21.64 м,Высота техники,2.95 м,Высота подъема платформы,"24,38 м",Объем бака гидравлической жидкости,181.7 л,Грузоподъемность,230 кг,Двигатель,Deutz D2011 L04 w/EGR 46 kW 61.6 hp,Длина,"11,35 м",Дорожный просвет,0.28 м,Колесная база,3.05 м,Преодолеваемый подъем,45%,Габариты платформы,0.91 х 2.44 м,Скорость,5.6 км/ч,Страна,США,Объем топливного бака,117.35 л,Шины,пенонаполненные 15-625,Ширина,"2,49 м"
Manitou 120 AETJ-C,simple,53,1,visible,1,"Misc, Коленчатые, Электрические, Самоходные",Вид подъемника,Коленчатый,Рабочая высота,"11,95 м",Тип двигателя,Электрический,Вес,6600 кг,Аккумуляторы,,Бренд,Manitou,Внешний радиус поворота,3.34 м,Внутренний радиус поворота,1.55 м,Вращение,355°,Горизонтальный вылет,7/7.1 м,Высота техники,2.16 м,Высота подъема платформы,"9,95 м",Объем бака гидравлической жидкости,18 л,Грузоподъемность,200 кг,Двигатель,48 V/240 Ah,Длина,"3,74 м",Дорожный просвет,10 см,Колесная база,1.65 м,Преодолеваемый подъем,25%,Габариты платформы,1.20 х 0.92 м,Скорость,0.6-6.0 км/ч,Страна,Франция,Объем топливного бака,нет,Шины,"цельнолитые, не оставлящие следов",Ширина,"1,2 м"
MANITOU 180 ATJ,simple,54,1,visible,1,"Misc, Коленчатые, Дизельные, Самоходные",Вид подъемника,Коленчатый,Рабочая высота,"18,18 м",Тип двигателя,Дизельный,Вес,7430 кг,Аккумуляторы,,Бренд,Manitou,Внешний радиус поворота,3.75 м,Внутренний радиус поворота,1.38 м,Вращение,350°,Горизонтальный вылет,10.51/10.6 м,Высота техники,2.56 м,Высота подъема платформы,"16,18 м",Объем бака гидравлической жидкости,54 л,Грузоподъемность,230 кг,Двигатель,Дизельный PERKINS 404 C 22,Длина,"5,56 м",Дорожный просвет,40 см,Колесная база,2.2 м,Преодолеваемый подъем,45%,Габариты платформы,1.8 х 0.8 м,Скорость,1.0-5.0 км/ч,Страна,Франция,Объем топливного бака,52 л,Шины,пенонаполненные ,Ширина,"2,32 м"
Sunward SWA16J,simple,55,1,visible,1,"Misc, Коленчатые, Дизельные, Самоходные",Вид подъемника,Коленчатый,Рабочая высота,16 м,Тип двигателя,Дизельный,Вес,7500 кг,Аккумуляторы,,Бренд,Sunward,Внешний радиус поворота,4.98 м,Внутренний радиус поворота,2.09 м,Вращение,"360° непрерывно, люлька 160°",Горизонтальный вылет,8.02 м,Высота техники,2.17 м,Высота подъема платформы,14 м,Объем бака гидравлической жидкости,82 л,Грузоподъемность,250 кг,Двигатель,Kubota v2403,Длина,"6,93 м",Дорожный просвет,35 см,Колесная база,2.25 м,Преодолеваемый подъем,45%,Габариты платформы,1.83 х 0.76 м,Скорость,0.8-6.8 км/ч,Страна,Китай,Объем топливного бака,73 л,Шины,"33х12-20, пенонаполненные, вездеходные",Ширина,"2,3 м"
Sunward SWA22JE,simple,56,1,visible,1,"Misc, Коленчатые, Электрические, Самоходные",Вид подъемника,Коленчатый,Рабочая высота,"21,6 м",Тип двигателя,Электрический,Вес,9800 кг,Аккумуляторы,48В/390Ач,Бренд,Sunward,Внешний радиус поворота,5.6 м,Внутренний радиус поворота,2.5 м,Вращение,"360° непрерывно, люлька 160°",Горизонтальный вылет,12.1 м,Высота техники,2.58 м ,Высота подъема платформы,"19,6 м",Объем бака гидравлической жидкости,84 л,Грузоподъемность,250 кг,Двигатель,"48 В АC, 390 А*ч ",Длина,"8,92 м",Дорожный просвет,35 см,Колесная база,2.49 м,Преодолеваемый подъем,45%,Габариты платформы,2.40 х 0.91 м,Скорость,1.1-6.1 км/ч,Страна,Китай,Объем топливного бака,нет,Шины,355/55 D625 ,Ширина,"2,49 м"
Sunward SWSL 1614 hd,simple,57,1,visible,1,"Misc, Ножничные, Электрические, Самоходные",Вид подъемника,Ножничный,Рабочая высота,"15,8 м",Тип двигателя,Электрический,Вес,3500 кг,Аккумуляторы,4×12В/300 А.ч.,Бренд,Sunward,Внешний радиус поворота,2.5 м,Внутренний радиус поворота,,Вращение,,Горизонтальный вылет,,Высота техники,,Высота подъема платформы,"13,8 м",Объем бака гидравлической жидкости,,Грузоподъемность,260 кг,Двигатель,,Длина,"2,84 м",Дорожный просвет,,Колесная база,,Преодолеваемый подъем,,Габариты платформы,,Скорость,,Страна,Китай,Объем топливного бака,,Шины,,Ширина,"1,41 м"
Sunward SWSL0807HD,simple,58,1,visible,1,"Misc, Ножничные, Электрические, Самоходные",Вид подъемника,Ножничный,Рабочая высота,8 м,Тип двигателя,Электрический,Вес,1530 кг,Аккумуляторы,4X6V/210Ah,Бренд,Sunward,Внешний радиус поворота,1.67 м,Внутренний радиус поворота,,Вращение,,Горизонтальный вылет,,Высота техники,,Высота подъема платформы,6 м,Объем бака гидравлической жидкости,,Грузоподъемность,230 кг,Двигатель,,Длина,"1,86 м",Дорожный просвет,,Колесная база,,Преодолеваемый подъем,,Габариты платформы,,Скорость,,Страна,Китай,Объем топливного бака,,Шины,,Ширина,"0,76 м"
Sunward SWSL1008,simple,59,1,visible,1,"Misc, Ножничные, Электрические, Самоходные",Вид подъемника,Ножничный,Рабочая высота,10 м,Тип двигателя,Электрический,Вес,2080 кг,Аккумуляторы,4X6V/225Ah,Бренд,Sunward,Внешний радиус поворота,2.1 м,Внутренний радиус поворота,0 м,Вращение,нет,Горизонтальный вылет,нет,Высота техники,,Высота подъема платформы,8 м,Объем бака гидравлической жидкости,,Грузоподъемность,230 кг,Двигатель,,Длина,"2,46 м",Дорожный просвет,,Колесная база,,Преодолеваемый подъем,,Габариты платформы,,Скорость,,Страна,Китай,Объем топливного бака,,Шины,,Ширина,"0,83 м"
Sunward SWSL1212HD,simple,60,1,visible,1,"Misc, Ножничные, Электрические, Самоходные",Вид подъемника,Ножничный,Рабочая высота,12 м,Тип двигателя,Электрический,Вес,2940 кг,Аккумуляторы,4X6V/240Ah,Бренд,Sunward,Внешний радиус поворота,2.2 м,Внутренний радиус поворота,,Вращение,,Горизонтальный вылет,,Высота техники,,Высота подъема платформы,10 м,Объем бака гидравлической жидкости,,Грузоподъемность,320 кг,Двигатель,,Длина,"2,47 м",Дорожный просвет,,Колесная база,,Преодолеваемый подъем,,Габариты платформы,,Скорость,,Страна,Китай,Объем топливного бака,,Шины,,Ширина,"1,17 м"
Sunward SWSL1412HD,simple,61,1,visible,1,"Misc, Ножничные, Электрические, Самоходные",Вид подъемника,Ножничный,Рабочая высота,14 м,Тип двигателя,Электрический,Вес,2980 кг,Аккумуляторы,4X12V/300Ah,Бренд,Sunward,Внешний радиус поворота,2.2 м,Внутренний радиус поворота,,Вращение,,Горизонтальный вылет,,Высота техники,,Высота подъема платформы,12 м,Объем бака гидравлической жидкости,,Грузоподъемность,320 кг,Двигатель,,Длина,"2,47 м",Дорожный просвет,,Колесная база,,Преодолеваемый подъем,,Габариты платформы,,Скорость,,Страна,Китай,Объем топливного бака,,Шины,,Ширина,"1,17 м"
Sunward SWSL1823RT,simple,62,1,visible,1,"Misc, Ножничные, Дизельные, Самоходные",Вид подъемника,Ножничный,Рабочая высота,18 м,Тип двигателя,Дизельный,Вес,8200 кг,Аккумуляторы,,Бренд,Sunward,Внешний радиус поворота,5.8 м,Внутренний радиус поворота,2.75 м,Вращение,нет,Горизонтальный вылет,,Высота техники,,Высота подъема платформы,16 м,Объем бака гидравлической жидкости,,Грузоподъемность,680 кг,Двигатель,,Длина,"4,9 м",Дорожный просвет,,Колесная база,,Преодолеваемый подъем,,Габариты платформы,,Скорость,,Страна,Китай,Объем топливного бака,105 л,Шины,,Ширина,"2,3 м"
Upright AB38,simple,63,1,visible,1,"Misc, Ножничные, Электрические, Самоходные",Вид подъемника,Ножничный,Рабочая высота,"13,5 м",Тип двигателя,Электрический,Вес,8200 кг,Аккумуляторы,,Бренд,Upright,Внешний радиус поворота,2.4 м,Внутренний радиус поворота,0.4 м,Вращение,362°,Горизонтальный вылет,6.1 м,Высота техники,2 м,Высота подъема платформы,"11,5 м",Объем бака гидравлической жидкости,25 л,Грузоподъемность,215 кг,Двигатель,"8 х 6 В, 220 A*ч DC",Длина,4 м,Дорожный просвет,15 см,Колесная база,1.99 м,Преодолеваемый подъем,36%,Габариты платформы,0.60 х 1.20 м,Скорость,0.7-4.0 км/ч,Страна,Великобритания,Объем топливного бака,нет,Шины,не оставлящие следов,Ширина,"1,5 м"
Zoomlion ZA14J,simple,64,1,visible,1,"Misc, Коленчатые, Дизельные, Самоходные",Вид подъемника,Коленчатый,Рабочая высота,"15,8 м",Тип двигателя,Дизельный,Вес,3800 кг,Аккумуляторы,"8 x 6 В, 220 А.ч.",Бренд,Zoomlion,Внешний радиус поворота,4.26 м,Внутренний радиус поворота,1.92 м,Вращение,"360°, непрерывно",Горизонтальный вылет,7.58 м,Высота техники,2.39 м,Высота подъема платформы,"13,8 м",Объем бака гидравлической жидкости,75 л,Грузоподъемность,300 кг,Двигатель,"Kubota v2403, 36.5 кВт",Длина,"6,57 м",Дорожный просвет,40 см,Колесная база,2.06 м,Преодолеваемый подъем,45%,Габариты платформы,1.83 х 0.76 м,Скорость,6.1 км/ч,Страна,Китай,Объем топливного бака,65 л,Шины,"315/55 D20, пенонаполненные",Ширина,"2,3 м"
Zoomlion ZA14JE,simple,65,1,visible,1,"Misc, Коленчатые, Электрические, Самоходные",Вид подъемника,Коленчатый,Рабочая высота,16 м,Тип двигателя,Электрический,Вес,7100 кг,Аккумуляторы,,Бренд,Zoomlion,Внешний радиус поворота,3.15 м,Внутренний радиус поворота,0.79 м,Вращение,360°,Горизонтальный вылет,7.5 м,Высота техники,2 м ,Высота подъема платформы,14 м,Объем бака гидравлической жидкости,30 л,Грузоподъемность,230 кг,Двигатель,"48 В DC, АКБ 320 А*ч ",Длина,"6,6 м",Дорожный просвет,20 см,Колесная база,2.05 м,Преодолеваемый подъем,30%,Габариты платформы,1.52 х 0.76 м,Скорость,6.1 км/ч,Страна,Китай,Объем топливного бака,нет,Шины,"240/55-17.5 пенонаполненные, 250/15 цельнолитые",Ширина,"1,75 м"
Zoomlion ZS1414HD,simple,66,1,visible,1,"Misc, Коленчатые, Электрические, Самоходные",Вид подъемника,Коленчатый,Рабочая высота,"15,7 м",Тип двигателя,Электрический,Вес,6800 кг,Аккумуляторы,24×2V/320Ah,Бренд,Zoomlion,Внешний радиус поворота,2.6 м,Внутренний радиус поворота,0.1 м,Вращение,нет,Горизонтальный вылет,нет,Высота техники,2 м,Высота подъема платформы,"13,7 м",Объем бака гидравлической жидкости,,Грузоподъемность,260 кг,Двигатель,"24 В, подъемный/приводной мотор 4.5 кВт; АКБ 4х6 В/190 А*ч",Длина,"2,87 м",Дорожный просвет,11 см,Колесная база,2.22 м,Преодолеваемый подъем,25%,Габариты платформы,2.67 х 1.12 м,Скорость,3.5 км/ч,Страна,Китай,Объем топливного бака,нет,Шины,381 х 127 мм не оставлящие следов,Ширина,"1,4 м"
Zoomlion ZS1623RT,simple,67,1,visible,1,"Misc, Коленчатые, Дизельные, Самоходные",Вид подъемника,Ножничный,Рабочая высота,18 м,Тип двигателя,Дизельный,Вес,3280 кг,Аккумуляторы,,Бренд,Zoomlion,Внешний радиус поворота,5.8 м,Внутренний радиус поворота,2.75 м,Вращение,нет,Горизонтальный вылет,нет,Высота техники,2.47 м,Высота подъема платформы,16 м,Объем бака гидравлической жидкости,100 л,Грузоподъемность,680 кг,Двигатель,Kubota v2403-M-DI 36 кВт / 2600 об./мин.,Длина,"4,88 м",Дорожный просвет,27.5 см,Колесная база,2.9 м,Преодолеваемый подъем,40%,Габариты платформы,3.98 х 1.83 м,Скорость,0.5-6.5 км/ч,Страна,Китай,Объем топливного бака,105 л,Шины,33х12-20/8 цельнолитые/пенонаполненные,Ширина,"2,33 м"
Zoomlion ZT26J,simple,68,1,visible,1,"Misc, Ножничные, Дизельные, Самоходные",Вид подъемника,Ножничный,Рабочая высота,"28,2 м",Тип двигателя,Дизельный,Вес,8650 кг,Аккумуляторы,,Бренд,Zoomlion,Внешний радиус поворота,6.1 м,Внутренний радиус поворота,3.5 м,Вращение,"360°, непрерывно",Горизонтальный вылет,22.1 м,Высота техники,2.82 м,Высота подъема платформы,"26,2 м",Объем бака гидравлической жидкости,150 л,Грузоподъемность,454 кг,Двигатель,Kubota v2607/ Kubota v3307,Длина,"12,5 м",Дорожный просвет,40 см,Колесная база,2.8 м,Преодолеваемый подъем,45%,Габариты платформы,2.44 х 0.91 м,Скорость,5.5 км/ч,Страна,Китай,Объем топливного бака,150 л,Шины,385/65-24,Ширина,"2,49 м"
Genie Z-33/22 такого не существует / правильно так  Genie Z-34/22 DC,simple,69,1,visible,1,"Misc, Телескопические, Электрические, Самоходные",Вид подъемника,Телескопический,Рабочая высота,"12,52 м",Тип двигателя,Электрический,Вес,18900 кг,Аккумуляторы,,Бренд,Genie,Внешний радиус поворота,4 м,Внутренний радиус поворота,1.75 м,Вращение,355°,Горизонтальный вылет,6.78 м,Высота техники,2 м,Высота подъема платформы,"10,52 м",Объем бака гидравлической жидкости,15.1 м,Грузоподъемность,227 кг,Двигатель,"48 В DC (8х6 В, 315А*ч)",Длина,"4,08 м",Дорожный просвет,15 см,Колесная база,1.88 м,Преодолеваемый подъем,30%,Габариты платформы,0.76 х 1.42 м,Скорость,1.1-6.4 км/ч,Страна,США,Объем топливного бака,нет,Шины,"сплошные, не оставлящие следов. 9х14.5",Ширина,"1,73 м"